{
    "accuracy": [
        0.9921875,
        0.984375,
        0.9921875,
        1.0,
        1.0,
        1.0,
        1.0,
        1.0,
        1.0,
        1.0,
        1.0,
        1.0,
        1.0,
        1.0,
        1.0
    ],
    "val_accuracy": [
        1.0,
        1.0,
        1.0,
        1.0,
        1.0,
        1.0,
        1.0,
        1.0,
        1.0,
        1.0,
        1.0,
        1.0,
        1.0,
        1.0,
        1.0
    ],
    "loss": [
        0.024117007851600647,
        0.07099150121212006,
        0.023293551057577133,
        0.012109738774597645,
        0.007726945914328098,
        0.007879502139985561,
        0.005278570111840963,
        0.0032946900464594364,
        0.0027156032156199217,
        0.0028173753526061773,
        0.0039586517959833145,
        0.0031153159216046333,
        0.0025020577013492584,
        0.0019111717119812965,
        0.002291307784616947
    ],
    "val_loss": [
        0.006533877924084663,
        0.014998108148574829,
        0.006431176792830229,
        0.0033492278307676315,
        0.0041030775755643845,
        0.0024607693776488304,
        0.002409057691693306,
        0.0020156565587967634,
        0.001952462480403483,
        0.001744583249092102,
        0.003741433611139655,
        0.0022724149748682976,
        0.001467572059482336,
        0.0012776900548487902,
        0.0012192375725135207
    ]
}